decile,loans,actual_default,avg_score,capture
1,819,0.019536019536019536,0.028565048101670223,1.0
2,819,0.03540903540903541,0.04261112800226843,0.9808153477218226
3,819,0.04151404151404151,0.05463099729780395,0.9460431654676259
4,818,0.06356968215158924,0.06635760541606546,0.9052757793764988
5,819,0.07692307692307693,0.07888320993443483,0.842925659472422
6,819,0.10012210012210013,0.0936085529287068,0.7673860911270983
7,818,0.1100244498777506,0.11028080943948411,0.6690647482014388
8,819,0.15995115995115994,0.13250408877423397,0.5611510791366906
9,819,0.15873015873015872,0.16414591697520747,0.4040767386091127
10,819,0.25274725274725274,0.2578267513455498,0.24820143884892087
