feature,coefficient
fico_score,-0.2108727196039395
log_income,-0.12248418977017299
dti,-0.0030125990544174505
emp_length_years,0.0680707838551937
inq_last_6mths,0.24389011538671262
revol_util,0.08800946379792209
delinq_2yrs,-0.006257209208647117
pub_rec,0.04313284300366245
credit_history_years,0.01970266131564318
log_amount,-0.09029313142684521
loan_to_income,0.20974454701815295
int_rate,0.27553109096342
term_60,0.02121968537494512
home_ownership_MORTGAGE,-0.332435982831096
home_ownership_OTHER,-0.2757402086371339
home_ownership_OWN,-0.5032942857530175
home_ownership_RENT,-0.39127477766574653
loan_type_Car,-0.459162170285794
loan_type_Credit Card,-0.4586475592601234
loan_type_Debt Consolidation,-0.2665181227035224
loan_type_Educational,0.1209729371399052
loan_type_Home Improvement,-0.20754530878147442
loan_type_House,-0.17779259971355485
loan_type_Major Purchase,-0.3646559238230319
loan_type_Medical,0.11962685300740437
loan_type_Moving,0.037102099693628786
loan_type_Other,-0.01275505034723329
loan_type_Renewable Energy,-0.05292271823924721
loan_type_Small Business,0.6415301947216132
loan_type_Vacation,0.019195396531797936
loan_type_Wedding,-0.44117328282736545
