loan_type,loans,total_amount,share_of_value_pct,default_rate_pct,principal_lost,at_risk_value,risk_rank
Small Business,1992,26167400.0,5.7,22.24,4671259.0,572221.0,1
Educational,422,2752775.0,0.6,19.91,397181.0,4804.0,2
Medical,753,6017475.0,1.3,13.81,569598.0,141729.0,3
Other,4425,34366900.0,7.5,13.65,3397620.0,377288.0,4
Renewable Energy,106,893425.0,0.2,13.21,102821.0,8476.0,5
House,426,5222875.0,1.1,11.97,390786.0,109045.0,6
Moving,629,4064700.0,0.9,11.61,368769.0,46852.0,7
Vacation,400,2142325.0,0.5,11.5,170195.0,13382.0,8
Debt Consolidation,19776,242387800.0,52.7,10.88,19305061.0,4595093.0,9
Home Improvement,3199,35447325.0,7.7,9.69,2545268.0,462706.0,10
Wedding,1004,9669950.0,2.1,8.47,630611.0,125848.0,11
Major Purchase,2311,18260500.0,4.0,8.26,1210120.0,134433.0,12
Credit Card,5477,62083500.0,13.5,7.47,3456923.0,884589.0,13
Car,1615,10819200.0,2.4,6.5,549156.0,120796.0,14
