dimension,segment,loans,default_rate_pct
Employment length,1. <1 yr,5062,11.64
Employment length,2. 1-3 yrs,12702,10.97
Employment length,3. 4-6 yrs,9482,10.4
Employment length,4. 7-9 yrs,4808,10.4
Employment length,5. 10+ yrs,9369,11.04
Employment length,6. Unknown,1112,15.11
Home ownership,MORTGAGE,18959,10.22
Home ownership,OTHER,144,20.14
Home ownership,OWN,3251,10.98
Home ownership,RENT,20181,11.63
Income verified,Not verified,29064,10.9
Income verified,Verified,13471,11.16
Meets current credit policy,No,2749,26.48
Meets current credit policy,Yes,39786,9.91
Recent credit inquiries,0,19657,8.1
Recent credit inquiries,1,11247,11.07
Recent credit inquiries,2,5987,11.76
Recent credit inquiries,3+,5615,20.05
Recent credit inquiries,Unknown,29,10.34
