issue_quarter,loans,default_rate_pct,moving_avg_4q_pct
2007-Q2,24,12.5,12.5
2007-Q3,190,21.05,16.78
2007-Q4,389,29.56,21.04
2008-Q1,1013,23.1,21.55
2008-Q2,498,22.09,23.95
2008-Q3,298,17.45,23.05
2008-Q4,584,17.12,19.94
2009-Q1,895,13.63,17.57
2009-Q2,1098,14.39,15.65
2009-Q3,1364,12.54,14.42
2009-Q4,1924,13.88,13.61
2010-Q1,2172,11.46,13.07
2010-Q2,3006,13.21,12.77
2010-Q3,3568,11.63,12.54
2010-Q4,3791,10.39,11.67
2011-Q1,4126,9.23,11.12
2011-Q2,5102,9.8,10.26
2011-Q3,5876,8.08,9.38
2011-Q4,6617,7.37,8.62
