grade,term_months,home_ownership,loans,funded,default_rate_pct,avg_rate_pct,at_risk_value
E,36,MORTGAGE,469,6341675.0,22.39,16.46,56459.0
E,36,RENT,735,7152250.0,20.14,16.35,74315.0
F,60,RENT,372,5879925.0,19.89,19.96,295990.0
F,60,MORTGAGE,461,9535900.0,18.0,20.0,315614.0
D,36,MORTGAGE,1333,16246800.0,17.33,15.19,201783.0
E,60,RENT,907,12617700.0,16.87,17.91,586997.0
D,36,RENT,2191,20544350.0,16.75,15.21,270178.0
D,60,RENT,1004,12485925.0,16.53,16.22,464718.0
D,36,OWN,300,2887925.0,16.33,15.23,20088.0
E,60,MORTGAGE,1028,18651500.0,15.66,18.03,775025.0
